{
  "d_model": 128,
  "num_heads": 4,
  "num_layers": 2,
  "d_ff": 256,
  "dropout": 0.3,
  "max_length": 128,
  "val_acc": 0.7820940121825077,
  "val_f1": 0.7800492917104807
}