{
  "d_model": 256,
  "num_heads": 8,
  "num_layers": 4,
  "d_ff": 512,
  "dropout": 0.15,
  "max_length": 128,
  "test_acc": 0.9935720844811754,
  "test_f1": 0.9911026518277892
}