{
  "d_model": 128,
  "num_heads": 2,
  "num_layers": 2,
  "d_ff": 256,
  "dropout": 0.1,
  "max_length": 128,
  "val_acc": 0.8368528610354223,
  "val_f1": 0.7250360457943156
}